<?xml version="1.0" encoding="UTF-8"?>
<configuration>

    <property name="primaryLog" value="${jetty.logs:-build/logs}/symphony-controller.log"/>
    <property name="queryLog" value="${jetty.logs:-build/logs}/symphony-controller-query.log"/>

    <appender name="consoleAppender" class="ch.qos.logback.core.ConsoleAppender">
        <filter class="ch.qos.logback.classic.filter.ThresholdFilter">
            <!--<level value="error"/> DOES NOT WORK!!! -->
            <level>error</level>
        </filter>
        <encoder>
            <pattern>%d %-5p [%c{50}] %m%n%ex</pattern>
        </encoder>
    </appender>

    <appender name="primaryLogAppender" class="ch.qos.logback.core.rolling.RollingFileAppender">
        <file>${primaryLog}</file>
        <rollingPolicy class="ch.qos.logback.core.rolling.TimeBasedRollingPolicy">
            <fileNamePattern>${primaryLog}.%d</fileNamePattern>
            <maxHistory>14</maxHistory>
        </rollingPolicy>
        <encoder>
            <pattern>%d %-5p [%c{50}] %m%n%ex</pattern>
        </encoder>
    </appender>

    <appender name="queryLogAppender" class="ch.qos.logback.core.rolling.RollingFileAppender">
        <file>${queryLog}</file>
        <rollingPolicy class="ch.qos.logback.core.rolling.TimeBasedRollingPolicy">
            <fileNamePattern>${queryLog}.%d</fileNamePattern>
            <maxHistory>14</maxHistory>
        </rollingPolicy>
        <encoder>
            <pattern>%d %-5p %m%n%ex</pattern>
        </encoder>
    </appender>

    <logger name="lk.ideahub" level="info"/>

    <logger name="org.springframework" level="warn"/>
    <logger name="au.com.gateway" level="warn"/>

    <logger name="org.hibernate" level="warn"/>
    <logger name="org.hibernate.SQL" level="info" additivity="false">
        <appender-ref ref="queryLogAppender"/>
    </logger>

    <root>
        <level value="info"/>
        <appender-ref ref="primaryLogAppender"/>
        <!--
        <appender-ref ref="consoleAppender"/>
        -->
    </root>

</configuration>
